time_ms,engine_count,gear_count,engine_rpm,secondary_rpm,filtered_engine_rpm,filtered_secondary_rpm,target_rpm,engine_rpm_error,velocity_command,inbound_limit_switch,outbound_limit_switch,engage_limit_switch
0,4,4,1998.8825047283883,1946.3276131850075,2000.0,1919.8563846510508,2100.0,-22.417406072612756,-0.9363294984962467,0,0,0
100,5,3,2019.8897606855396,1917.5167378426472,2006.0116216465444,1924.2287299441198,2104.007747764363,73.05236595183176,0.39463773802326596,0,0,1
200,1,1,2148.2055576183043,1940.3156656868039,2012.0208290777011,1928.5511860510296,2108.013886051801,-6.081620976730003,0.9810967136849928,0,0,0
300,3,4,2010.6999207176298,1916.1935550767807,2018.0252090476101,1932.8220171106996,2112.01680603174,-22.905021111706002,0.8424419966548915,1,1,1
400,2,5,1956.2427649052552,1904.4281753504072,2024.0223502490787,1937.0395079942232,2116.0149001660525,-74.59671196471139,0.033607648647483,0,0,1
500,3,3,2017.5195221342879,1928.0511559743984,2030.0098442819403,1941.2019649936478,2120.0065628546267,31.69287083600511,0.9640926598659763,1,0,1
600,3,3,1989.5943697075456,1887.2854126954946,2035.985286620249,1945.307716502154,2123.9901910801664,53.57803407068323,-0.4465947316019736,0,0,0
700,9,4,2059.4948094361316,1923.3350734659475,2041.9462775779152,1949.3551136853591,2127.9641850519433,16.544359644379174,-0.2961338991011584,1,0,0
800,1,5,2048.726656991049,1953.0720217775486,2047.8904232723985,1953.3425311434726,2131.9269488482655,-74.6669513132577,0.7902479756765053,0,1,1
900,3,3,2035.7095299390605,1956.8962361249569,2053.815336586071,1957.2683675640453,2135.876891057381,-18.585891956180216,0.8139920111166956,0,1,0
1000,6,4,2084.3965836421107,1971.4473414691656,2059.718638124864,1961.1310463650407,2139.812425416576,160.8851072068067,-0.6649774273342484,1,1,1
1100,8,1,2053.1450831211673,1929.869734647357,2065.59795717381,1964.929016327978,2143.731971449207,18.599794141336893,0.07066055746323774,1,1,1
1200,8,3,2064.003935482634,2039.0241170383852,2071.450932649103,1968.6607522208867,2147.6339550994016,25.042983113607903,0.7511541150197838,0,0,1
1300,1,4,2054.8746250387303,1866.6774156751376,2077.2752140462885,1972.3247554108282,2151.5168093641923,71.34047092925438,-0.720011718432028,0,1,1
1400,8,1,2079.3891963442748,1965.9972812940853,2083.0684623842067,1975.9195544657325,2155.3789749228044,9.545450073584885,0.7717352337961485,1,0,0
1500,1,5,1995.482933873889,1942.4919050411263,2088.8283511443065,1979.4437057453135,2159.218900762871,64.62950293379564,-0.7362485650914308,0,1,1
1600,7,3,2157.80672578252,1975.3200347736379,2094.5525672049553,1982.895793980822,2163.0350448033037,52.882892795327564,0.9695965800170963,0,0,1
1700,2,3,2041.9546198521116,2068.8873003157705,2100.2388117703695,1986.2744328434055,2166.8258745135795,127.41957017660701,-0.07155334359280063,0,0,0
1800,4,4,2143.13882687447,1999.9904228657474,2105.884801293789,1989.578265500846,2170.589867529193,-182.9825106336708,-0.9982596601297391,0,1,1
1900,8,3,2099.8621644133864,2000.6767301024367,2111.488268394533,1992.8059651624526,2174.3255122630217,-31.019444506923378,-0.5519575242073094,0,1,1
2000,7,2,2162.281178286945,2052.7945309756255,2117.046962768557,1995.956235611888,2178.031308512371,-56.90559965571388,0.3785289764509052,1,0,1
2100,8,4,2120.2756247626226,2049.951304215986,2122.558652092159,1999.0278117277185,2181.705768061439,-20.953674106731206,0.8809997962764722,1,1,1
2200,0,2,2114.443336924655,1942.2666181728835,2128.021122918458,2002.0194599914762,2185.3474152789718,158.9041038256841,0.6481374220266296,0,1,1
2300,0,4,2104.3701511508607,2122.933788403254,2133.432181566298,2004.929978983029,2188.9547877108653,-42.59909115712678,0.16549512992274873,1,0,1
2400,5,4,2163.8509411067266,1989.7990368266765,2138.7896550012106,2007.7581998630603,2192.5264366674737,-16.58896081454843,0.280659225137871,0,0,0
2500,2,2,2148.0980525376503,1988.2631610499761,2144.0913917080857,2010.5029868424656,2196.0609278053907,-73.87385370792754,-0.40781007025303717,1,1,1
2600,2,2,2041.5685615416999,2022.8182782259566,2149.335262555203,2013.1632376384744,2199.5568417034688,255.55451393677538,0.7074742323711729,1,0,0
2700,4,2,2238.8903187495716,2063.7910816725416,2154.519161649271,2015.7378839173182,2203.0127744328474,-60.90094581787654,0.9574818264469385,0,0,0
2800,2,1,2123.6378815971657,2098.7652499296532,2159.641007181139,2018.2258917232648,2206.427338120759,-86.11743276185652,0.021355380558596204,1,0,1
2900,0,1,2129.296107548082,2008.0419734865943,2164.698742261829,2020.626261893844,2209.799161507886,-49.76921489362499,-0.4400397165686716,1,1,1
3000,5,2,2149.881122432756,1953.8035115227776,2169.6903357485694,2022.938030461105,2213.126890499046,-106.30431691724138,0.01103875742598781,1,1,0
3100,1,1,2172.5096866206563,2032.9815846118543,2174.6137830604803,2025.1602690387358,2216.4091887069867,-31.231438460270876,-0.5086512698124916,0,1,0
3200,1,4,2222.983465339455,2004.6651204826148,2179.4671069835986,2027.2920851948963,2219.6447379890656,53.17765394754432,-0.5638529990905627,1,1,1
3300,8,2,2147.8210635413743,2052.0499135812615,2184.248358464909,2029.3326228106105,2222.832238976606,132.80078998407112,0.18457782906301845,1,0,1
3400,1,2,2172.035522741849,2076.71474618527,2188.955617395067,2031.2810624235763,2225.970411596711,-28.994989655658,-0.9941922705408472,0,1,1
3500,2,1,2218.606060318286,2036.7576661067326,2193.586993379498,2033.1366215572557,2229.057995586332,-105.2373486138141,-0.9953168665619945,1,1,0
3600,7,4,2135.7381347868973,2001.9764192291357,2198.140626497564,2034.8985550351092,2232.093750998376,-66.58332300996584,-0.8321108712498655,0,0,1
3700,8,2,2152.791156333419,2032.8030234761015,2202.6146880494916,2036.5661552798535,2235.076458699661,-130.83298703237637,0.205706078683638,0,1,0
3800,8,1,2203.8475939717446,1992.3838433851363,2207.0073812907617,2038.1387525976174,2238.004920860508,163.20479285328076,-0.9249222866933027,0,0,1
3900,6,2,2208.6126147398895,2007.0148748418117,2211.3169421536663,2039.615715446886,2240.8779614357777,28.050221447673024,-0.3046074226714752,1,1,0
4000,1,4,2181.6220341391618,2143.51265142573,2215.541639955744,2040.9964506921212,2243.6944266371625,105.61996219786181,0.6900439794178277,1,1,1
4100,4,3,2321.946194319057,2027.2066018794496,2219.679778094806,2042.280403841961,2246.4531853965373,1.2961719057883183,-0.6751738787612698,0,1,1
4200,8,2,2256.1435224059023,2018.4760574652948,2223.7296947302775,2043.4670592718976,2249.153129820185,6.67048034345758,-0.9386574348821899,0,1,1
4300,0,2,2214.374915468362,2008.748333708312,2227.6897634505785,2044.5559404313485,2251.793175633719,35.77240833506942,0.8893387308873542,0,0,0
4400,4,5,2181.9539285242226,2035.4398916556574,2231.5583939262765,2045.5466100350343,2254.3722626175177,34.28511246313312,0.3982779397531637,0,1,0
4500,8,5,2132.1523093406654,2012.598581505209,2235.3340325487493,2046.438670238589,2256.8893550324997,-45.39408652477581,0.9178680294631656,0,1,1
4600,2,2,2292.0671906738144,2098.600948255532,2239.0151630541004,2047.2317627983316,2259.343442036067,131.96813863694683,0.9123636839830598,1,1,1
4700,5,1,2237.4755018131154,2010.2535608039093,2242.600307132078,2047.925569215132,2261.733538088052,185.41148068790832,0.017716109458565388,0,0,1
4800,2,5,2322.8596430310813,2107.659928104337,2246.0880250197506,2048.5198108623194,2264.0586833465004,284.07041741093815,-0.2888213266599091,0,1,0
4900,8,1,2263.8211152041604,2011.4507117343874,2249.4769160797064,2049.014249097575,2266.3179440531376,53.78792030399375,0.8079456803146834,1,0,0
5000,4,1,2210.1393484621544,2017.3129864291784,2252.7656193625317,2049.408685358769,2268.5104129083547,73.67012288754687,-0.11162841306976223,1,0,1
5100,9,1,2322.662261836152,2111.6269001404444,2255.952814153363,2049.7029612437027,2270.6352094355752,23.31303964923677,-0.7908549750031111,0,0,0
5200,0,2,2259.5657994398193,1989.8552593401998,2259.0372205022686,2049.8969585737186,2272.691480334846,93.51500567338957,0.0984548074576872,0,1,0
5300,3,5,2293.0505328324207,1951.3947047892161,2262.0175997382707,2049.990599441164,2274.6783998255137,-203.2830317131282,0.4591603387852856,0,0,1
5400,3,3,2245.4900569956926,2082.1116457203966,2264.8927549667806,2049.9838462406724,2276.595169977854,-94.0064139611708,0.8300585919698755,0,0,1
5500,8,5,2285.9489884500845,2117.315050931813,2267.6615315502645,2049.876701684273,2278.4410210335095,-10.334416523763714,-0.23666026886135616,1,1,0
5600,0,2,2214.6938206202603,2069.5921901207685,2270.322817571934,2049.6692088002937,2280.2152117146225,-153.7611776088517,0.5142358566828773,1,0,0
5700,5,2,2244.555349200156,2136.3718810421005,2272.875544282283,2049.3614509160875,2281.9170295215217,-222.28289218887122,0.15881695735483548,1,0,1
5800,3,3,2304.2003013374,2031.908298708266,2275.3186865282883,2048.953551624565,2283.545791018859,-9.262494775103628,-0.3503988950785968,1,1,0
5900,3,5,2230.7954756380886,2088.4552865402925,2277.651263165102,2048.445674734563,2285.1008421100682,83.9723532068587,0.00479588425687516,1,0,1
6000,2,4,2265.4998677951617,2079.167120605796,2279.872337450072,2047.838024205058,2286.581558300048,28.974765745777407,-0.461379169434351,0,0,1
6100,4,2,2192.953864352021,1997.2026984917206,2281.981017418927,2047.130844063261,2287.987344945951,120.79999546656852,0.4123564645999258,0,1,1
6200,9,3,2285.804115599187,2004.9776971620731,2283.976456243984,2046.3244183066151,2289.3176374959894,-171.21673591879085,0.608733032639212,0,1,0
6300,6,5,2255.9765844366284,2031.7005984457596,2285.8578525742273,2045.4190707887471,2290.5719017161514,9.359632837910985,0.4752131281657934,1,1,0
6400,1,3,2239.5875059451323,2066.5509705795157,2287.624450857122,2044.4151650894091,2291.749633904748,-28.439238028246017,0.43248143274071094,1,0,1
6500,5,2,2258.3437595208497,2064.6784387769058,2289.2755416420396,2043.3131043684689,2292.8503610946927,192.8433304669527,0.2792150511286182,0,1,1
6600,4,2,2359.742587277861,2069.034147690597,2290.810461865165,2042.1133312040038,2293.873641243443,83.63736734469352,0.8657310222874071,0,0,1
6700,2,4,2303.664953051233,2003.274841919294,2292.228595115779,2040.8163274145654,2294.8190634105194,-132.54636946135122,-0.7309079562954572,1,1,0
6800,0,1,2338.722774665479,2014.4444306734372,2293.5293718838043,2039.422613865686,2295.686247922536,-23.141666081565074,0.9653133562031007,1,0,1
6900,7,4,2363.793994446685,1978.3471692213307,2294.712269788512,2037.9327502607023,2296.474846525675,95.10858008404081,-0.8281838463051101,1,0,1
7000,1,5,2302.95119552738,2045.1070208725725,2295.77681378831,2036.3473349159844,2297.18454252554,158.78298369771505,-0.4881587944158694,0,1,1
7100,6,4,2321.196127366945,1954.8394604748753,2296.722576371512,2034.6670045206563,2297.8150509143416,39.99410216879713,0.991262048416738,1,0,1
7200,9,5,2309.4263243051228,2073.870783353439,2297.549177728024,2032.892433880908,2298.3661184853495,-116.66001156506951,0.4361920977084761,1,0,1
7300,9,5,2229.303063324362,2093.352786598324,2298.2562859018735,2031.0243356489977,2298.8375239345824,157.23239188828322,-0.20302003148772263,1,0,0
7400,6,2,2312.62329643691,2063.34061399461,2298.8436169245174,2029.063460037059,2299.229077949678,86.03582424706052,-0.7090999527511994,0,1,0
7500,8,3,2318.453349895837,2062.264844973614,2299.3109349288848,2027.0105945158195,2299.540623285923,-123.55327387807829,-0.18220570056493757,1,0,1
7600,6,3,2275.7822162790762,2115.839267332904,2299.658052244097,2024.866563498362,2299.772034829398,98.2273823901623,0.9964049564726836,0,0,1
7700,6,3,2165.26479424347,2034.6934863400033,2299.8848294708346,2022.6322280090449,2299.923219647223,19.168919415516786,-0.03691095407506473,0,0,1
7800,0,1,2289.5275743587185,2012.5163444345992,2299.99117553732,2020.308485337724,2299.9941170248803,84.9893290938099,0.6147392154513267,0,0,0
7900,6,4,2259.3758098645553,2095.5935155546913,2299.977047735891,2017.8962686794084,2299.984698490594,-30.47858130218795,0.6175405988398999,1,0,0
8000,2,5,2367.462665769719,2023.1739094057834,2299.84245174015,2015.3965467594962,2299.894967826767,43.544705515639684,-0.713398588523233,0,1,0
8100,8,1,2271.4584185042913,2072.1606651537336,2299.587441602688,2012.810323444744,2299.724961068459,-8.589184579469391,0.6017801253732644,0,0,1
8200,1,2,2294.711971281565,2128.8621236356043,2299.2121197333763,2010.1386373401228,2299.4747464889174,-33.97811164910849,-0.9619543288228543,0,0,1
8300,8,5,2283.310086888744,2060.659864837721,2298.716636858239,2007.3825613717215,2299.144424572159,0.8755313809601906,-0.08136941089631233,1,1,1
8400,8,5,2238.675326302798,2003.276717449429,2298.101191958924,2004.5432023558715,2298.734127972616,-16.15741036352037,-0.41591751441516456,0,0,1
8500,8,3,2324.080782125125,1991.636708683249,2297.3660321927937,2001.6217005546564,2298.2440214618628,-14.588462160229273,-0.5403636571915891,0,1,1
8600,8,5,2322.5982353353,1974.8479193375515,2296.511452793667,1998.6192292179946,2297.6743018624447,43.15362931159428,0.887549243166162,1,1,0
8700,2,1,2261.920785641598,2060.534518671134,2295.5377969532583,1995.5369941124711,2297.0251979688387,43.024639785705524,0.7038353546882186,1,1,0
8800,1,1,2359.4039785576397,1950.187886647951,2294.445455683352,1992.376233037112,2296.296970455568,-32.51354972994534,0.5159936489267181,1,1,1
8900,4,1,2361.880717328869,1918.7517800598719,2293.2348676587785,1989.1382153262953,2295.489911772519,-151.62725350884838,-0.9671671645052504,0,1,1
9000,3,2,2321.3050246860557,1944.419867056596,2291.906519041244,1985.8242413399983,2294.604346027496,-32.24363398848649,0.40738851307383306,1,0,1
9100,4,3,2304.375568226702,1921.813997027218,2290.4609432840925,1982.435641941582,2293.6406288560615,-72.0144617866995,0.26702781754200555,1,0,1
9200,4,3,2394.86053372832,1997.8745481007807,2288.8987209180773,1978.9737779633297,2292.599147278718,16.253205318106183,0.1127391875258803,1,1,0
9300,8,3,2222.1423756617837,2007.8955152324318,2287.2204793182214,1975.440039659948,2291.480319545481,147.470393277975,-0.7879476428198564,1,0,1
9400,7,1,2285.0312864007224,1998.3758320455063,2285.426892451873,1971.8358461502519,2290.2845949679154,162.4608608537512,0.021676192383522475,0,0,0
9500,7,3,2210.7289192404432,1970.8055855646066,2283.518680608043,1968.1626448472596,2289.0124537386955,31.16350607033422,0.8586295251534295,1,1,1
9600,9,2,2350.6780018064196,2003.7338442343805,2281.496610108145,1964.4219108769237,2287.6644067387633,170.37951155980207,-0.8162339640345904,0,1,0
9700,9,4,2311.4325401966807,1991.472507361255,2279.361492998246,1960.6151464857335,2286.240995332164,118.90233828530026,0.854384642464822,0,1,0
9800,2,5,2239.8359314810787,1900.1955354416057,2277.114186722957,1956.7438804374258,2284.742791148638,213.87278768467462,-0.759761631673133,0,1,1
9900,8,1,2274.5171645584833,1946.8024321852085,2274.755593781089,1952.8096673990458,2283.1703958540593,17.659501992991586,0.7948130881434972,0,0,0
10000,2,1,2267.937948335375,2018.0355910175406,2272.286661363219,1948.8140873166074,2281.5244409088127,-94.37318950561307,0.9062340304624219,0,0,1
10100,4,4,2232.5588193030653,1980.9745098704875,2269.708380971305,1944.7587447805995,2279.8055873142034,-35.988546528083624,0.7773838876930612,0,1,0
10200,2,1,2210.5567565905817,2068.414838785109,2267.021788020508,1940.6452683815974,2278.0145253470055,-32.27802963347844,0.3225839564826529,1,0,0
10300,3,2,2353.670220010064,1971.035084018973,2264.2279614233794,1936.4753100562334,2276.151974282253,-59.27413241119973,0.6197429528681575,1,0,0
10400,4,4,2185.672158455154,1947.5120961132268,2261.328023156576,1932.250544423795,2274.218682104384,-63.17122362124099,-0.8011823019119477,0,1,1
10500,7,2,2233.3446300241317,1842.4874054026382,2258.323137810286,1927.9726681137106,2272.215425206857,-8.566508331516326,-0.31296358645312394,0,0,0
10600,7,3,2263.8122378930952,2010.4542800182617,2255.214512120541,1923.6433990841988,2270.1430080803607,-146.25747795655803,0.45914506600802185,0,1,0
10700,8,4,2229.296635747619,1915.6385284125108,2252.003394484597,1919.2644759323512,2268.002262989731,53.37713705292953,-0.4109211705518261,0,1,1
10800,4,1,2265.4554153635822,1820.2746506451417,2248.6910744595934,1914.8376571959263,2265.794049639729,58.624739933315894,-0.09689668395155082,1,1,1
10900,6,3,2278.9400778775644,1912.6096364466246,2245.278882244675,1910.364720647136,2263.519254829783,52.21370521590182,-0.8630162567367818,0,0,1
11000,5,3,2323.9564949388514,1837.0011004524963,2241.768188146796,1905.847462578708,2261.178792097864,79.82671713069902,0.365047625215722,0,1,0
11100,4,2,2242.214900258619,1845.58684743826,2238.1604020304185,1901.28769708251,2258.7736013536123,21.25363338520661,0.04328394485574116,1,1,1
11200,9,2,2228.1567886642997,1886.9738094818922,2234.45697275132,1896.6872553210255,2256.30464850088,61.561806456929546,-0.5839698398864377,0,0,1
11300,6,3,2168.4882782807395,1848.4040265249887,2230.6593875747476,1892.0479847919758,2253.772925049832,108.3452985592022,0.653584678056705,0,0,1
11400,6,2,2169.84245948709,1905.7428809590774,2226.7691715781443,1887.3717485863797,2251.1794477187627,120.72457231339664,0.380403551786602,1,0,0
11500,2,1,2227.820042025705,1844.0899879588758,2222.7878870386917,1882.660424640353,2248.5252580257943,179.5234502158062,-0.06655330543627835,0,1,1
11600,9,2,2183.6174964930465,1813.035253204621,2218.717132805912,1877.9159049809457,2245.811421870608,-0.012037481659047666,-0.06618374878973965,1,1,0
11700,4,5,2226.93091296057,1885.6703846587102,2214.5585436595848,1873.1400949663193,2243.0390291063895,95.17172099502727,0.5312978284283165,1,1,1
11800,8,1,2234.779799264124,1877.2813594465683,2210.3137896532326,1868.3349125205723,2240.209193102155,52.60445206404866,-0.7817959342313419,1,1,1
11900,6,1,2199.662886792785,2029.1663505896163,2205.9845754434427,1863.502287363518,2237.3230502956285,198.56093791373374,-0.4705156645143038,1,1,0
12000,0,4,2193.0167575932023,1869.6194954153264,2201.5726396052914,1858.644160235726,2234.381759736861,50.54660003865481,0.42054931464782674,0,0,1
12100,3,5,2181.51676249192,1806.8879162506669,2197.079753934148,1853.7624821191373,2231.386502622765,-56.007371766858014,-0.9199136819767784,0,1,1
12200,8,3,2142.2042310020215,1827.3902988406414,2192.5077227341344,1848.8592134535668,2228.338481822756,-15.660739384642344,0.8042988918299867,0,1,0
12300,6,4,2163.813144034546,1847.155346444152,2187.8583820935355,1843.936323349407,2225.2389213956903,48.114901046694946,0.026471014876998655,1,1,1
12400,9,5,2198.0918238427444,1766.7801791237691,2183.1335991474407,1838.995788796852,2222.0890660982936,-43.29870957016169,0.8867690040986522,1,1,0
12500,0,2,2194.078159394046,1818.77781496843,2178.3352713279173,1834.039593871953,2218.8901808852784,-29.463487271502114,-0.5369629338645443,0,0,1
12600,4,5,2147.992768307948,1833.3284941132042,2173.4653256020206,1829.0697289398327,2215.643550401347,-59.45638047830815,0.9527271439228058,0,0,0
12700,9,1,2120.483017645842,1844.8840153366757,2168.5257176979385,1824.0881898553698,2212.3504784652923,-57.41364597222381,0.01750124223473959,0,0,0
12800,1,1,2120.414266927582,1806.978071393098,2163.518431319588,1819.0969771616824,2209.012287546392,20.590160855285298,-0.7180317665923661,0,0,0
12900,8,4,2251.8295014724754,1813.674692191729,2158.4454773499792,1814.0980952867264,2205.6303182333195,10.050223961034176,0.024974149269355372,0,0,1
13000,8,2,2155.7191121118385,1860.2725771154912,2153.3088930436584,1809.093551738335,2202.2059286957724,-42.03489735542014,0.050135797940252136,0,0,1
13100,3,2,2140.459148289697,1811.305570203864,2148.1107412085676,1804.0853562980205,2198.740494139045,98.60453367974677,0.6831950444214689,1,0,0
13200,8,4,2139.00816583656,1820.2804991981805,2142.853109377636,1799.075520213863,2195.2354062517575,61.32352878645705,-0.3195835735097625,0,0,0
13300,6,3,2220.019688965441,1815.4837935413193,2137.5381089704474,1794.0660553928117,2191.692072646965,206.66333232054134,-0.06559584587629708,0,1,0
13400,1,3,2236.5133216010513,1813.3535456018285,2132.1678744453093,1789.0589735927192,2188.1119162968726,-144.54116319045815,0.6808089880899224,1,0,1
13500,8,3,2104.7552926971107,1825.811096833392,2126.744562442075,1784.0562856144381,2184.4963749613835,10.72691159475205,-0.39172294657432416,1,1,0
13600,2,1,2214.8835692529847,1803.012612518436,2121.270350916056,1779.0600004942994,2180.846900610704,-137.67898716794386,0.4499064287942651,0,1,1
13700,3,5,2194.9221182548476,1804.0945139919909,2115.747438263372,1774.0721246973021,2177.164958842248,-153.30349082318722,-0.15416952047021293,1,1,1
13800,9,5,2031.9263748819471,1717.8046009174266,2110.178042438095,1769.0946613113326,2173.4520282920635,20.339102517036757,0.1904116754933256,0,0,1
13900,0,1,2164.327104120018,1692.271828790104,2104.5644000615384,1764.1296092427444,2169.7096000410256,-36.521361111664156,0.8995900173658777,1,1,1
14000,5,1,2156.8730251505685,1820.1221060398002,2098.908765524049,1759.1789624136113,2165.9391770160328,245.54353753194138,0.9710199375056081,1,1,1
14100,3,4,2104.4777326654767,1710.824136282554,2093.213410079663,1754.2447089609886,2162.142273386442,-88.14488304073832,0.37607788919508045,0,1,0
14200,9,4,2089.2577705253766,1730.8287248354532,2087.48062093399,1749.3288304384923,2158.3204139559934,117.74271051751496,-0.5472929820441215,0,0,0
14300,4,1,2151.1659307621408,1672.1243015662803,2081.7127003256905,1744.4333010205253,2154.4751335504607,-3.8391465448244824,-0.7241948977230117,1,0,0
14400,0,5,2060.476030667032,1811.4675297301344,2075.911964601919,1739.5600867094652,2150.6079764012793,175.64163776466478,0.45001937850207807,1,0,0
14500,2,5,2062.1544583936716,1751.4375530825391,2070.080743288095,1734.711144546136,2146.720495525397,-80.91274548275395,0.9742373062043641,1,0,0
14600,2,4,2023.7043592762598,1710.5788940674452,2064.2213781523906,1729.888421823876,2142.814252101594,180.95438335604956,0.40844778810009785,1,0,1
14700,9,2,2052.978079336628,1739.9567146058484,2058.336222265291,1725.093855306522,2138.8908148435276,-13.822929243393359,-0.3924317062158236,0,0,1
14800,3,2,2026.5398056009217,1754.0439942287107,2052.427639054627,1720.3293704506225,2134.9517593697515,-169.50765733676144,-0.8151756407539144,1,0,1
14900,1,3,2058.7188061486063,1683.19264977442,2046.4980013564393,1715.5968806321898,2130.9986675709597,153.10650782211303,-0.37796451520073693,1,0,0
15000,6,4,1999.5286232043911,1706.7894654843694,2040.5496904620695,1710.8982863783053,2127.033126974713,-97.39047520390098,-0.035926876801102514,0,1,0
15100,4,2,1976.7970631812182,1688.6863657669342,2034.5850951618536,1706.2354746038843,2123.0567301079022,116.27196741444227,-0.30404701609717866,0,0,0
15200,0,5,2051.8959041907483,1722.862675588517,2028.6066107858042,1701.6103178539065,2119.071073857203,140.1471169903523,0.5176743798330459,0,1,0
15300,4,1,2044.4081015800182,1686.4606096658092,2022.6166382416677,1697.0246735514195,2115.0777588277783,-36.302783390107734,0.5005195943025609,1,1,1
15400,7,1,2103.7080671166914,1715.3720363983186,2016.6175830507386,1692.480383251612,2111.0783887004923,-177.82008246748234,-0.795409165974639,0,1,0
15500,0,2,2022.187431228278,1796.824455970126,2010.6118543818252,1687.9792719022628,2107.0745695878836,-1.3612086699429775,0.08184478955949359,1,1,0
15600,4,2,2023.6975824748145,1721.0213639410306,2004.6018640837458,1683.5231471108561,2103.067909389164,-107.26691449589613,-0.20658971050628794,0,1,1
15700,8,1,2013.7951127358663,1683.2277123934482,1998.5900257167534,1679.113798418663,2099.060017144502,-105.45323658379284,0.7674902603920741,1,1,0
15800,3,5,1925.0737373867175,1671.738075668765,1992.5787535832683,1674.752996582076,2095.0525023888454,-235.41661995744104,-0.6296902182745197,0,1,1
15900,0,3,1956.3639607701466,1679.258094605393,1986.5704617583174,1670.4424928614908,2091.0469745055448,-155.2770708054561,-0.17474254350554386,0,1,0
16000,8,1,1935.791280873751,1713.5627980761517,1980.5675631200606,1666.1840183180118,2087.0450420800403,52.00872489237366,0.9230112006307758,0,0,1
16100,1,2,2011.697887535912,1613.8760526243932,1974.572468380801,1661.9792831182756,2083.048312253867,-17.409209986076615,0.9573229015991183,0,1,0
16200,8,4,2016.9588806093145,1621.4426548543902,1968.587585118863,1657.8299758476621,2079.058390079242,-52.59762132021716,0.5316893257939197,0,1,1
16300,8,5,2009.113656039141,1658.9121433410448,1962.6153168117298,1653.737762832173,2075.0768778744864,-91.68059033967778,0.4251102018819597,0,0,1
16400,4,5,1845.7130305272635,1649.9843024089967,1956.6580618708279,1649.7042874692497,2071.105374580552,94.98130304470439,0.4047418620203589,0,1,1
16500,6,2,1998.284071893368,1649.8660859052623,1950.718212678345,1645.731169567799,2067.1454751188967,-43.40947431517693,-0.4550493419361661,1,1,0
16600,3,3,1948.1325629317566,1685.8208353282312,1944.798154626471,1641.820004697692,2063.198769750981,-1.4122440308245408,0.2932583486609819,0,1,0
16700,9,4,2038.8692288254256,1634.3847852483966,1938.9002651594435,1637.9723635489966,2059.266843439629,39.197403543035136,0.09971334832176337,0,1,1
16800,3,3,1970.0302856119065,1537.5426788327218,1933.0269128187886,1634.1897913012026,2055.3512752125257,-34.36876590982062,0.9455850754361144,1,0,1
16900,7,1,1988.734926462216,1702.8192325131254,1927.1804562921338,1630.4738070026906,2051.453637528089,-136.785466474607,-0.6750997962717851,1,0,0
17000,2,3,1868.1786057668812,1663.6475224834567,1921.3632434659798,1626.8259029606952,2047.5754956439866,-78.39035162569743,0.9984968661865758,1,0,0
17100,7,2,2003.910833292596,1570.1920201331068,1915.5776104828094,1623.2475441420074,2043.7184069885398,165.12125765056365,0.48838379402661936,0,0,0
17200,5,3,1909.340298458451,1530.6028211390847,1909.825880802913,1619.7401675846559,2039.8839205352754,-126.04533163740794,-0.007939032015927383,0,0,0
17300,8,4,1941.139840738668,1621.7895454607676,1904.110364271307,1616.3051818208066,2036.0735761808712,-75.58832484540852,-0.5820894849572702,1,1,1
17400,0,5,1865.9242813184503,1565.626402750302,1898.4333561901192,1612.9439663111066,2032.288904126746,11.71986254901269,0.6702727230717158,1,1,1
17500,6,2,1886.3070017135387,1624.0957313631347,1892.797136396817,1609.657870890706,2028.5314242645445,18.507830442040262,0.9908173855880342,0,1,1
17600,3,2,1846.4525771882227,1618.1681746226175,1887.2039683486425,1606.4482152271742,2024.8026455657616,-39.266275309665005,-0.5615937103935362,1,0,1
17700,3,4,1878.423839072091,1604.2792602943339,1881.6560982136289,1603.3162882905347,2021.1040654757526,19.424929916170232,0.3645842685618368,1,0,0
17800,7,2,1911.2975714637455,1615.6147513588344,1876.1557539685577,1600.2633478356245,2017.437169312372,-35.84029567206799,0.4819377432184464,1,0,0
17900,6,4,1948.891184707401,1537.9926373119354,1870.7051445042239,1597.2906198969908,2013.8034296694825,-82.66486952164212,-0.24739270925583634,1,1,0
18000,9,3,1875.482997474129,1620.9089745747333,1865.3064587383626,1594.3992982965265,2010.2043058255751,-71.02585281791373,0.7477739278756017,0,0,1
18100,4,2,1829.0283408101293,1635.264512203551,1859.9618647366005,1591.5905441640416,2006.6412431577337,-11.900143180640471,-0.20739998969409457,1,1,0
18200,4,2,1821.291077173845,1595.1954089609483,1854.6735088417777,1588.8654854709625,2003.1156725611852,191.9786421854804,-0.3188177103136831,0,0,0
18300,5,3,1856.6133964929938,1575.6322755480412,1849.4435148119965,1586.2252165773507,1999.6290098746642,70.17020443785805,0.9822936334415271,0,0,0
18400,5,1,1918.4508268209238,1644.7373094506813,1844.273982967737,1583.6707977924143,1996.1826553118246,-201.87897493898532,-0.6724331426708741,1,1,1
18500,8,3,1865.6169492041565,1611.5264042617237,1839.1669893483877,1581.2032549486992,1992.7779928989253,-199.54140390979524,-0.9722033725439196,0,0,0
18600,8,3,1835.636793497895,1562.7981710972047,1834.1245848785259,1578.8235789901228,1989.416389919017,129.5815471847733,0.4459274295782636,1,1,1
18700,6,2,1755.5530311801404,1548.0865547923208,1829.1487945442825,1576.532725574019,1986.0991963628549,50.32773836053038,0.3706849409273065,0,0,0
18800,0,4,1804.8671001050518,1547.432498217286,1824.2416165801274,1574.3316146873558,1982.8277443867516,-62.60625210081388,-0.12366031498728325,0,0,0
18900,9,1,1793.889322344422,1492.5329643780333,1819.405021666394,1572.2211302772746,1979.6033477775961,59.12117307990001,-0.07685720030021526,1,1,0
19000,1,3,1883.6550260858542,1586.1022474366948,1814.6409521378723,1570.2021198961065,1976.4273014252483,-57.94765848520813,-0.969213737373958,1,0,1
19100,6,4,1966.3779060648299,1620.1363834724023,1809.9513212037823,1568.2753943610016,1973.3008808025215,45.2618734941612,0.19384838435237306,1,0,1
19200,9,5,1807.0053120294028,1597.1565014246023,1805.3380121794476,1566.4417274283119,1970.225341452965,182.04929054860824,-0.823960228977789,1,1,0
19300,5,1,1707.9066673844497,1504.002697258769,1800.8028777299705,1564.7018554828574,1967.2019184866472,-110.85087437689478,0.6099012019447323,0,0,1
19400,7,2,1701.2931720741637,1610.8302535488313,1796.3477391262195,1563.0564772422008,1964.2318260841462,102.56782791627295,0.7510968462107737,1,1,1
19500,0,5,1815.3977057283214,1602.2642722857695,1791.9743855134207,1561.506253476048,1961.316257008947,-3.9089742287608815,0.992926351759104,0,0,0
19600,5,4,1771.2416119468735,1536.2543443219715,1787.6845731926535,1560.0518067408887,1958.4563821284357,-197.14747126376804,-0.739018797126975,1,1,1
19700,3,4,1809.2963946143552,1599.5899429863798,1783.480024915536,1558.6937211299835,1955.6533499436907,61.60278517647053,-0.958343644510534,1,0,1
19800,0,3,1776.8330736057464,1592.9472449773295,1779.3624291923813,1557.432542038797,1952.908286128254,-9.125120353553735,-0.9923447556530973,1,1,1
19900,4,1,1800.7754553648106,1505.43932935469,1775.3334396141072,1556.2687759459714,1950.2222930760713,135.39058346941613,0.5357147795513824,0,1,0
20000,9,4,1788.0752887766096,1458.3844676839467,1771.394674188168,1555.202890209929,1947.5964494587786,61.72988928286964,0.26286931151785,0,1,1
20100,5,4,1714.4463420628535,1574.3576725336359,1767.5477146887768,1554.2353128811853,1945.0318097925178,49.88013531218131,0.1321017975818386,0,0,1
20200,5,2,1837.4166930245788,1583.910128381076,1763.7941060216792,1553.366432530448,1942.5294040144527,21.68069086832495,0.8724022303526158,0,1,0
20300,7,2,1733.6855443672164,1488.6673108710893,1760.1353556037316,1552.5965980925698,1940.0902370691542,147.86413737536026,-0.8897214380926215,1,1,0
20400,0,1,1749.379690254188,1479.485106732164,1756.5729327575352,1551.9261187264187,1937.7152885050236,-60.60706890887136,-0.6171775474829191,1,0,1
20500,0,4,1761.5880214857682,1508.63807374403,1753.108268121371,1551.3552636907239,1935.405512080914,-88.39961191521498,0.35857925838166427,0,0,1
20600,5,2,1799.8418129017589,1568.909804902238,1749.742753074665,1550.8842622359427,1933.16183538311,-22.44713635980143,0.9395998512229728,0,1,0
20700,8,3,1709.0125544195544,1564.836996564475,1746.477739179224,1550.5133035121955,1930.9851594528159,103.01160945739989,0.6173527187428938,0,0,0
20800,2,1,1757.3135096822177,1578.816981362645,1743.3145376364591,1550.2425364933056,1928.876358424306,33.16573264702519,0.6343630320597571,0,0,1
20900,2,1,1713.336471823484,1548.709545983964,1740.2544187608198,1550.0720699169717,1926.8362791738798,107.19119895285966,-0.24471039638932623,1,1,0
21000,3,3,1781.5934003112873,1549.9017428661293,1737.298611469645,1550.0019722410998,1924.8657409797634,-2.4143984618380787,0.302924912073508,1,1,0
21100,8,3,1805.7842455968791,1545.8646281494578,1734.4483027896415,1550.0322716163123,1922.9655351930944,11.899421842843601,0.34121535702224404,1,0,0
21200,2,4,1679.8297524251038,1517.5451230642002,1731.7046373801843,1550.162955874641,1921.1364249201229,-197.17276857501847,-0.39358485163421375,0,0,0
21300,1,5,1691.7638798118405,1538.6361829825578,1729.0687170736305,1550.3939725344158,1919.3791447157537,-85.57027403741428,0.8975336588949432,0,1,0
21400,7,2,1827.6498189527708,1599.5061959180762,1726.5416004328342,1550.7252288213385,1917.6944002885562,23.235155119933694,0.4687132640653755,1,0,0
21500,8,5,1816.3965415605016,1532.5618847220821,1724.1243023260351,1551.1565917057428,1916.082868217357,7.631853862936051,-0.7764253185853651,0,0,0
21600,1,3,1727.3082084575715,1537.9033006900092,1721.817793519298,1551.6878879560159,1914.545195679532,63.27640715056425,-0.4286641760267922,0,0,1
21700,3,4,1673.042860251546,1493.9077185126273,1719.6230002866598,1552.3189042081672,1913.0820001911065,174.49402584841891,0.4664559562587751,1,1,0
21800,9,2,1679.2263847704241,1610.5570421972884,1717.5408040381476,1553.0493870515138,1911.6938693587651,-112.13551634415062,-0.1875766356063444,1,1,0
21900,3,5,1682.9755396202386,1488.9269035295304,1715.5720409658102,1553.8790431304485,1910.3813606438734,-35.51282925521773,-0.289526609377569,0,0,0
22000,9,5,1672.4259703398598,1576.7097861481573,1713.7175017079119,1554.8075392622477,1909.145001138608,36.952732715296435,-0.17296128192419347,0,0,1
22100,2,1,1710.8036334392662,1583.8121182016212,1711.9779310314188,1555.8345025708754,1907.9852873542793,115.6944650872332,0.8519439681670575,1,1,0
22200,9,1,1672.2962234439005,1542.27671746391,1710.3540275329065,1556.9595206367271,1906.9026850219377,80.99101024223305,0.5618859755451364,0,1,1
22300,4,5,1628.7748526536097,1454.3691468214404,1708.8464433580093,1558.1821416622536,1905.8976289053396,-82.61280904604624,-0.4314850876521745,0,0,0
22400,7,2,1703.4099060351127,1550.749116066411,1707.4557839395256,1559.5018746533995,1904.9705226263504,45.11214485115829,-0.4037891942020615,0,1,1
22500,4,1,1711.9723089956296,1599.7069087207828,1706.1826077542796,1560.918189616781,1904.121738502853,83.54974780578094,0.8054608120667246,0,0,0
22600,1,5,1733.9182086026844,1518.9332509659441,1705.027426098843,1562.4305177725287,1903.3516173992286,71.94607211393638,0.4279775185416075,1,0,0
22700,0,3,1699.5875306287192,1580.641490755715,1703.9907028842024,1564.0382517827027,1902.6604685894683,-46.96030971546865,-0.8065631180052368,1,0,1
22800,6,5,1764.950777968812,1459.3477822800533,1703.0728544494564,1565.7407459951953,1902.0485696329708,-36.842231947610514,0.35797493392805757,0,0,1
22900,1,1,1644.8542988783,1536.5913643418728,1702.2742493946175,1567.5373167030189,1901.5161662630783,-99.62834227588553,0.9238007828578967,1,1,1
23000,1,1,1774.8530276764197,1640.6908764964403,1701.5952084325857,1569.4272424188773,1901.0634722883904,-75.52282411740468,0.456969604813132,1,1,1
23100,8,4,1723.6949139300425,1560.5978374917147,1701.0360042603531,1571.4097641649084,1900.690669506902,-185.3671954548825,0.09853210674687718,0,1,1
23200,1,5,1663.4181953881932,1556.1665122343688,1700.5968614494907,1573.4840857774834,1900.3979076329938,63.31506118379298,0.14481427246218237,1,0,0
23300,7,1,1658.4690423863563,1700.6026206861525,1700.2779563559625,1575.6493742269386,1900.1853042373084,142.46733589754797,0.10118661407228857,0,0,1
23400,9,3,1672.3184711296274,1538.7585947069542,1700.0794170493027,1577.904759952114,1900.0529446995351,169.68804293586948,0.883666430295718,1,0,0
23500,6,4,1749.0892475182548,1573.2360899619903,1700.0013232611843,1580.2493372095607,1900.0008821741228,99.47009008845855,0.672253583228908,1,0,0
23600,2,1,1731.251585730037,1564.850151352256,1700.0437063533984,1582.68216443728,1900.0291375689324,-61.421252570549555,0.5633913686953824,1,0,0
23700,9,2,1693.4910592661022,1629.3046444552192,1700.206549305261,1585.202264632847,1900.1376995368407,-235.72344953018128,0.6975579567797381,0,1,1
23800,6,1,1681.089841562265,1641.4249359183364,1700.4897867204477,1587.8086257457644,1900.3265244802985,92.32874673108886,0.9909777724859474,1,0,0
23900,3,4,1688.0514456012097,1572.4391772664674,1700.893304853256,1590.5002010838966,1900.5955365688374,-52.09929488813636,0.46460700881642714,0,1,0
24000,0,3,1633.3030221927345,1605.5508406377128,1701.4169416542852,1593.275909733809,1900.9446277695235,126.21630924925924,-0.20254894466429407,1,1,0
24100,3,4,1708.9159299046103,1514.5485736936507,1702.0604868355138,1596.134636994855,1901.3736578903424,58.240756613672296,0.05227400866168885,1,1,1
24200,5,3,1747.2409817330035,1482.2422594430284,1702.823681954749,1599.075234826831,1901.8824546364992,-62.96808391293155,-0.8442305659580907,0,1,1
24300,3,2,1759.0113725406586,1531.7310629619094,1703.7062205194154,1602.0965223110177,1902.4708136796103,43.747143030876416,0.05725324970264123,0,1,0
24400,1,3,1650.453574677713,1625.3265236035784,1704.7077481096399,1605.197286124427,1903.1384987397598,-78.39430014722774,0.9486073107599986,1,1,1
24500,7,3,1696.5849300728846,1578.8537802614533,1705.8278625205826,1608.3762810270637,1903.8852416803884,-53.69777792851432,0.5313217018043528,1,0,1
24600,0,1,1718.707858164053,1575.6432246256745,1707.06611392396,1611.632230362002,1904.7107426159732,135.2394689062244,0.14909754106690531,1,0,1
24700,8,1,1670.2284262702774,1680.8888036939238,1708.4220050486915,1614.9638265680794,1905.614670032461,-35.87876109805807,0.6381760196747595,0,1,1
24800,3,3,1770.2394004360292,1669.522683976955,1709.8949913805995,1618.3697317050032,1906.5966609203997,11.360739258269412,-0.2661114636324635,1,1,1
24900,0,4,1625.52430541359,1541.8083600757116,1711.4844813810814,1621.848577990655,1907.6563209207209,-60.02965936993364,-0.782578542074533,0,1,0
25000,6,1,1844.227610754525,1598.5921930927216,1713.1898367246663,1625.39896835038,1908.7932244831109,199.93244918931754,0.42764485468311,0,1,0
25100,3,2,1724.294214263691,1628.6893975523417,1715.0103725553608,1629.019476978041,1910.0069150369072,50.249057413522614,0.39041220667274756,0,0,1
25200,4,3,1790.7813882496598,1590.203495721104,1716.9453577616828,1632.7086499086092,1911.296905174455,-91.12700789949248,0.7746614547475446,0,0,0
25300,8,4,1800.159098982461,1528.6306670034865,1718.9940152702668,1636.4650056020641,1912.6626768468445,19.890068994222805,-0.1726232939172947,0,0,0
25400,0,1,1718.5755383947378,1553.4314738060248,1721.1555223579328,1640.287035538367,1914.1036815719551,97.21519059585347,0.4110870964950424,1,0,0
25500,7,5,1699.5332902625314,1631.8885526419708,1723.4290109820822,1644.1732048232705,1915.6193406547216,84.1050560504389,0.7331186646993575,0,1,0
25600,7,5,1628.261885929416,1673.1139428384433,1725.8135681292988,1648.1219528047177,1917.2090454195327,43.00020176039806,-0.7235323227993633,0,0,0
25700,3,2,1719.3344694788423,1671.4609283199406,1728.3082361820047,1652.131693699587,1918.8721574546698,-53.6805813481043,0.7846318151807372,0,0,0
25800,2,3,1680.286939009883,1665.5496220776351,1730.912013303033,1656.2008172305293,1920.6080088686886,12.258030965593496,-0.15136801378876963,1,1,1
25900,8,5,1723.2370196790198,1749.536111221278,1733.6238538379557,1660.327689272641,1922.415902558637,-130.86641897132353,0.9786186865546516,1,1,1
26000,8,4,1716.145666279411,1672.2538522996817,1736.4426687350108,1664.5106525097146,1924.295112490007,-48.29273279518874,0.0630469000796885,1,0,1
26100,4,2,1763.6314006359073,1682.1544406025582,1739.3673259824548,1668.748027099803,1926.2448839883032,155.9436172759625,0.20657980046074997,1,1,0
26200,8,3,1795.9531161109314,1619.1457206292205,1742.3966510631694,1673.0381113498283,1928.264434042113,-137.58532541636393,0.8933266430123523,0,0,0
26300,5,3,1766.4694430078073,1671.4145933630946,1745.5294274263385,1677.379182398969,1930.352951617559,118.47986782378538,-0.2919085626361104,0,0,1
26400,0,5,1715.725554520258,1731.835505290427,1748.7643969760022,1681.7694969105444,1932.5095979840016,-179.83744513453502,-0.7385642051599777,1,0,1
26500,2,1,1685.2371682017463,1622.3042856766601,1752.1002605762994,1686.207291772124,1934.7335070508661,24.263010806284395,-0.5317510474410581,0,0,1
26600,4,1,1754.837244589957,1751.2086921902137,1755.535678573188,1690.6907848035787,1937.0237857154586,14.404171092485852,0.9427824123698743,0,0,1
26700,5,4,1785.4693678964954,1732.024530471986,1759.0692713324404,1695.2181754727883,1939.3795142216268,-62.58792860335484,0.03234131833100662,0,0,0
26800,3,1,1799.2696539929925,1694.4680391384165,1762.6996197936899,1699.7876456187207,1941.7997465291267,65.09701400662937,0.5892734537764357,0,0,0
26900,9,5,1771.1628672910006,1697.030936251351,1766.4252660403156,1704.3973601815878,1944.2835106935436,12.771653770587829,-0.2757903832603421,0,1,1
27000,9,2,1689.2198194875712,1788.0668689609422,1770.2447138849282,1709.0454679397922,1946.8298092566188,171.5275543798207,-0.21457309223869525,0,1,1
27100,9,2,1719.2013027580174,1774.4959366428561,1774.1564294702252,1713.7301022533595,1949.437619646817,24.5284385213888,-0.7209632440713356,0,1,0
27200,1,5,1779.6909383336308,1672.649382347486,1778.1588418849765,1718.4493818135663,1952.1058945899845,88.90995754526914,-0.893420652039264,1,0,0
27300,6,1,1826.2851870613702,1705.399478581355,1782.250343794887,1723.201411398457,1954.8335625299246,2.302407176421949,-0.7044221629225274,0,1,1
27400,8,5,1794.2878730054993,1709.3343074417915,1786.4292920880891,1727.9842826339484,1957.619528058726,105.74648534613169,-0.2570440601156154,0,0,1
27500,9,2,1777.915051080064,1743.369382207293,1790.6940085350025,1732.7960747602167,1960.4626723566682,56.50196474670961,-0.7472058042246561,1,0,0
27600,9,3,1815.7031213665732,1699.279486956162,1795.0427804622957,1737.6348554030578,1963.3618536415304,-75.75667950475442,0.5407446424376241,0,0,1
27700,0,5,1742.1156729934023,1772.0037984773921,1799.473861440682,1742.4986813499122,1966.3159076271213,-42.113499457839595,0.46784667576274086,0,0,0
27800,2,3,1780.2360038309405,1715.598349895338,1803.9854719862699,1747.3855993302427,1969.3236479908464,227.39480127440933,-0.6232484088823997,1,0,0
27900,2,1,1850.9429185139752,1827.4307795894028,1808.5758002751882,1752.2936467999502,1972.3838668501253,18.90111326450779,0.46115810324724493,0,0,0
28000,9,2,1791.6320348429128,1715.7041411801392,1813.2430028711988,1757.220852729515,1975.4953352474658,77.23590481448058,0.17654190722518615,1,1,1
28100,3,4,1855.581806956603,1772.1780120155295,1817.9852054660064,1762.1652383955457,1978.6568036440042,50.128142736446414,0.19450207375349038,1,1,0
28200,9,3,1877.100784510535,1730.2881264197729,1822.8005036319619,1767.1248181754163,1981.867002421308,11.340902231129606,-0.4213013646732495,1,0,0
28300,3,2,1803.885391401865,1771.8852255477907,1827.6869635868659,1772.0976003446765,1985.124642391244,-67.39193577683554,0.7508917983685122,0,0,1
28400,6,2,1815.2960901434722,1746.0063497350939,1832.6426229705585,1777.0815878769092,1988.4284153137055,148.08996210317468,-0.7391331427764505,0,0,1
28500,2,3,1845.0501833965825,1805.7878336166455,1837.6654916329865,1782.0747792457219,1991.776994421991,-57.460342294566836,-0.6582578321174932,1,1,0
28600,4,4,1824.447922895316,1827.4132290053012,1842.75355243343,1787.075169228539,1995.16903495562,64.73538652857911,-0.7891325219307233,1,0,0
28700,0,5,1788.115228438361,1847.2022624082792,1847.904762050569,1792.0807497118847,1998.6031747003792,-101.70420951618866,-0.2783562903512131,0,0,0
28800,7,4,1857.4470195179695,1798.6042279204719,1853.1170518030629,1797.0895104978224,2002.078034535375,128.87778337544594,-0.978235765078662,1,0,0
28900,7,4,1899.7856383686653,1735.3392598812559,1858.3883284803167,1802.0994401112341,2005.5922189868777,-33.31770299903586,-0.8332821693305992,1,0,1
29000,7,5,1808.2116414091581,1877.448214174395,1863.7164751830949,1807.1085266076102,2009.1443167887298,-137.7852721965543,0.046092031398733635,1,0,0
29100,6,1,1770.0161563666381,1820.51094674576,1869.09935217365,1812.1147583810293,2012.7329014491,-182.88510946693935,-0.9660435240627607,1,0,1
29200,0,3,1938.110311991981,1797.7789808513817,1874.534797735024,1817.116124972003,2016.3565318233493,-125.72466212869745,0.10226498881233081,1,1,1
29300,9,2,1788.2077687595963,1802.953041608614,1880.0206290391736,1822.110617874858,2020.0137526927824,-42.146685757202356,-0.4412349967310891,1,1,1
29400,8,1,1908.0053115495493,1806.8257893462915,1885.5546430235763,1827.0962313443342,2023.703095349051,16.570597393338577,-0.14731424309567354,0,0,0
29500,7,3,1868.0457082242494,1838.3857597337703,1891.1346172759604,1832.0709632010758,2027.4230781839738,35.57600762934249,0.9498631324143292,1,0,1
29600,4,2,1879.3616798651954,1749.4442052634859,1896.7583109268082,1837.0328156356888,2031.172207284539,-120.26542680693953,0.12028750584956982,1,1,0
29700,2,4,2031.8724014017498,1820.9838215596283,1902.4234655492676,1841.9797960110443,2034.948977032845,57.70514087548235,-0.14311608934288067,0,0,0
29800,0,1,1867.4783300828315,1834.625542217564,1908.1278060661186,1846.9099176625032,2038.7518707107458,165.03762489198246,0.47581408084566523,1,1,1
29900,7,1,1972.2704260101714,1829.3143855255764,1913.8690416634238,1851.8212006957451,2042.5793611089491,-18.859693100439447,0.4135353981049483,1,0,1
30000,9,5,1957.852363656997,1950.7729916355925,1919.6448667105003,1856.7116727818766,2046.4299111403334,-25.3348484601279,0.0070685502082916685,1,1,0
30100,1,1,1954.6620079374409,1805.1203565637265,1925.45296168584,1861.5793699495,2050.3019744572266,93.18445152135503,0.7353788964615011,0,0,0
30200,6,1,1937.6196701482786,1777.899428225489,1931.29099410861,1866.422337373429,2054.1939960724067,98.55560774212915,-0.5493188515543443,0,1,1
30300,6,5,1880.9066198232383,1827.6285360235302,1937.1566194753577,1871.2386301597292,2058.104412983572,-70.11901109115507,-0.1711854142495186,1,0,0
30400,8,5,1909.091840319519,1841.7730735211437,1943.0474822015415,1876.0263141267703,2062.031654801028,37.03553244016385,0.4605843448986091,1,0,0
30500,2,1,1928.9508598740588,1957.399128982395,1948.961216567514,1880.7834665819769,2065.9741443783428,-111.29760179329958,0.8362373371967289,0,1,0
30600,9,1,1963.3749721233532,1892.730673699372,1954.8954476685742,1885.5081770939653,2069.9302984457163,-124.43029732122501,0.7279193544296445,1,1,1
30700,3,1,1905.898147359056,1822.231050607486,1960.8477923687105,1890.1985482597565,2073.898528245807,4.135301607300768,-0.05052767973982508,1,1,1
30800,6,3,1915.8280670515119,1919.04251909547,1966.815860257645,1894.852696466757,2077.8772401717633,-55.231570097504765,0.7723791615067623,0,1,0
30900,5,5,1975.1136405737925,1845.020763971439,1972.797254610803,1899.4687526492003,2081.864836407202,18.3589057872598,-0.29215404979895054,0,0,1
31000,4,5,1966.3689293502118,1877.208708317072,1978.789573351817,1904.0448630387482,2085.859715567878,-174.37062735939054,0.6849294094707086,0,0,0
31100,2,3,1928.4454162707361,1859.975931063159,1984.7904100171793,1908.5791899089497,2089.860273344786,151.1441054181882,-0.7790466761780588,1,0,0
31200,5,1,2001.3243259951187,1941.6978780282532,1990.797354722658,1913.069912313253,2093.8649031484388,-84.23361548084046,0.9940826454486518,1,1,1
31300,4,4,2064.962088267002,1927.002501640705,1996.8079951310833,1917.5152268162847,2097.8719967540555,148.73469649947202,-0.4437502095695771,0,0,0
31400,2,4,1968.2154281355276,1834.2318568139644,2002.8199174211254,1921.9133482180926,2101.879944947417,-67.48283466309316,0.9907793567991354,1,1,0
31500,2,1,1935.7138648352666,1949.0384865576445,2008.8307072566602,1926.262510271066,2105.887138171107,-90.87793689924759,-0.5060843440572795,0,0,0
31600,2,5,2050.818333370027,1993.664378990268,2014.8379507563477,1930.5609663892476,2109.8919671708986,0.9329580476439208,0.4490096791168028,1,0,0
31700,0,4,2040.779883181903,1964.3996253676792,2020.839235463026,1934.8069903497449,2113.8928236420174,66.57374990566048,-0.08575928855302961,1,1,1
31800,2,5,2026.1343532383637,1981.3905126378793,2026.8321513125334,1938.9988769859683,2117.8881008750222,40.05418476489273,-0.4844237543629466,0,0,1
31900,2,5,2037.8476879332625,1931.9720103332193,2032.814291601569,1943.1349428724102,2121.876194401046,46.16101507859491,-0.25858105048887126,0,1,1
32000,4,1,2044.8584610419916,1891.9111575745792,2038.783253954203,1947.2135270006945,2125.8555026361355,118.200234154219,-0.03908485790465899,1,0,1
32100,9,5,2120.660810325098,1998.6366829937137,2044.736641286653,1951.2329914466236,2129.824427524435,25.759493348599815,-0.6267604508362368,1,1,1
32200,0,2,1988.7085685533827,1964.2606286581974,2050.6720627699283,1955.191722027954,2133.781375179952,-90.62064463307037,0.5103304021653408,0,1,1
32300,3,5,1926.5230611078596,1936.1969711911331,2056.5871347899697,1959.0881289526383,2137.7247565266466,28.119591061462028,-0.39492847923440544,1,0,1
32400,7,3,2063.3047600027994,1975.643493211898,2062.479481904886,1962.9206474572713,2141.6529879365908,-40.907664687750845,-0.2545045349022559,0,0,0
32500,6,3,2059.853273984582,1947.8526455108629,2068.346737798913,1966.6877384354875,2145.5644918659423,49.649591580039065,0.9002973653000914,0,0,0
32600,0,5,2054.729547899285,1964.971148231684,2074.186546232703,1970.3878890560504,2149.4576974884685,124.9907920259991,-0.5297357003317471,0,0,0
32700,9,5,2152.3702994282444,1988.735654424689,2079.996561989572,1974.019613370394,2153.331041326381,-31.98056302807128,0.27774568370369224,0,0,1
32800,6,2,2078.6283202700492,2005.2013945542196,2085.774451817318,1977.5814529093661,2157.182967878212,-22.578147347148168,-0.478439462354858,1,1,0
32900,9,1,2167.8270355759664,1985.8839662962798,2091.5178953652357,1981.071977268938,2161.0119302434905,7.92359686645643,-0.562629320979736,0,1,0
33000,1,3,2067.333658208052,1995.6340627826935,2097.224586115947,1984.4897846846416,2164.816390743965,30.077939875704956,-0.23034278210877046,1,1,1
33100,0,1,2097.1903285847266,1987.5364130473636,2102.8922323116817,1987.8335025945057,2168.5948215411213,17.985395039422496,-0.1460609851846839,0,0,1
33200,7,3,2000.2342643234315,2039.089541017335,2108.5185578746255,1991.1017881902658,2172.34570524975,-185.85518481547334,-0.9452446363393578,1,1,1
33300,4,5,2138.6914908257186,1969.8006355210173,2114.101303320973,1994.2933289566238,2176.0675355473154,-45.67673220733794,0.1780232326081328,1,1,1
33400,5,2,2030.7001641596696,1971.2262478083264,2119.6382266683186,1997.4068431983433,2179.758817778879,-45.97020096820804,-0.6959599573149098,1,0,1
33500,9,5,2151.554388424665,2000.6294103323442,2125.1271043360152,2000.4410805549662,2183.4180695573436,-43.168255433304644,0.7744977273726716,0,1,1
33600,7,5,2117.8902594014803,1955.8936162310738,2130.5657320381483,2003.3948225029485,2187.0438213587654,60.23581834319381,0.3248696275199723,1,0,0
33700,0,5,2209.1547232055423,1994.5856744241753,2135.9519256687536,2006.266882845007,2190.6346171125024,-117.06917739012768,0.9186811972222557,1,0,1
33800,7,3,2116.722579026252,2022.4809473359298,2141.2835221789387,2009.0561081864878,2194.189014785959,-112.71844136082403,0.3604173865715943,0,1,1
33900,6,3,2188.185810643109,1972.705774794364,2146.558380445543,2011.7613783985569,2197.7055869636956,-140.2995232167865,-0.7761491873585216,1,0,0
34000,4,1,2159.0539396164645,1937.9303433273947,2151.7743821309973,2014.3816070680377,2201.1829214206646,112.66462012392688,0.03564909799318716,0,0,1
34100,8,5,2122.798612117149,1977.5172019518322,2156.9294325340243,2016.9157419337023,2204.6196216893495,90.15588998725332,0.5895925096828567,0,1,0
34200,1,3,2106.918146377385,2054.0429610824317,2162.021461430858,2019.3627653088517,2208.014307620572,-97.91669175419526,-0.5033224902494049,0,1,0
34300,7,3,2096.4354663259774,1967.8656510226617,2167.048423906625,2021.7216944900108,2211.36561593775,-36.0587820877275,0.4247692005177037,0,1,0
34400,6,3,2140.9367116063245,2079.874668315525,2172.0083011765655,2023.9915821515717,2214.672200784377,-69.76713379149285,0.7819212360167114,1,1,0
34500,8,1,2075.1390815882464,1970.1785455512002,2176.899101396759,2026.1715167262332,2217.932734264506,-2.767052918442178,0.4413364850187287,1,0,1
34600,2,4,2234.211597925652,2101.6292655461953,2181.7188604640323,2028.2606227710776,2221.1459069760217,-110.26596399365293,-0.3430688687792749,0,0,1
34700,1,5,2112.966951927637,2097.0337069340194,2186.465642804728,2030.2580613191408,2224.3104285364852,-85.66493485103078,-0.699803547955252,0,1,1
34800,8,4,2129.8434006021894,2041.066147111848,2191.1375421520092,2032.1630302163353,2227.4250281013396,-43.86284006358601,-0.8987988811082712,1,0,1
34900,0,1,2200.652747305696,1970.1253056735302,2195.7326823114063,2033.9747644435868,2230.4884548742707,29.077455037797396,0.33075634733504633,0,0,0
35000,2,1,2261.33066524201,1999.4939018298055,2200.2492179142746,2035.6925364240603,2233.4994786095167,16.498749293314894,-0.22104436243049808,0,1,1
35100,8,2,2149.5363775773008,2058.132226001712,2204.6853351588843,2037.315656315349,2236.456890105923,318.877629072744,-0.3115499120231402,1,0,0
35200,0,3,2211.1694759683132,2028.2942934206396,2209.039252538821,2038.8434722865081,2239.3595016925474,47.624851065945315,0.7292988694098126,1,0,1
35300,5,2,2283.2058109598643,2076.830409161828,2213.3092215584297,2040.2753707798242,2242.20614770562,-278.90862752208096,0.5695134348726121,1,0,0
35400,6,1,2284.731424613813,2083.0270556062924,2217.4935274349905,2041.6107767572166,2244.9956849566606,86.93948409853252,0.6418006118523341,0,0,1
35500,8,5,2235.1345010717096,2052.301330243156,2221.5904897873643,2042.8491539311663,2247.726993191576,-15.398158223596154,-0.82254202435628,1,0,0
35600,4,1,2279.2996522956896,1964.6459545336195,2225.5984633108164,2043.9900049800835,2250.398975540544,44.71777016899573,-0.89544046096822,1,1,0
35700,7,3,2202.8094613228304,2047.7376417086743,2229.515838437759,2045.0328717480306,2253.010558958506,-72.02858761726674,0.20743807073926157,0,1,1
35800,6,1,2268.7928992928064,1981.1424476726331,2233.3410419841384,2045.9773354287104,2255.560694656092,198.30555721546057,-0.15215574432147605,1,1,0
35900,4,4,2205.4138228727584,1980.4447310353087,2237.072537781212,2046.8230167336571,2258.048358520808,55.36232570089299,0.9219104930245743,0,0,0
36000,9,5,2218.919104212688,2092.7306485992194,2240.7088272924616,2047.569576044555,2260.4725515283076,-111.35462262152487,0.6570672560127229,1,1,0
36100,3,4,2232.3594136837078,2034.3995423276695,2244.2484502153916,2048.216713549626,2262.8323001435942,-148.83876719429296,0.06517119316425068,1,1,0
36200,8,5,2216.4447509595266,1917.056117972621,2247.6899850679747,2048.7641693640307,2265.126656711983,-70.94862157469889,-0.1492466136568673,0,1,0
36300,9,3,2287.378375726839,2030.436699783665,2251.0320497595053,2049.211723634238,2267.35469983967,-60.33324140788684,0.620412620935149,1,0,1
36400,7,3,2257.20559472881,2174.190501948662,2254.2733021456374,2049.559196626313,2269.5155347637583,-106.03932698018166,0.8064322999730436,1,1,1
36500,3,1,2198.9432706454495,2077.4126681891657,2257.4124405673765,2049.8064487981014,2271.6082937115843,11.342592949102524,0.4599773005210448,1,1,0
36600,5,1,2165.1352197730216,1995.1681784593586,2260.448204373816,2049.9533808552633,2273.632136249211,-71.10744833336926,-0.04267645351558147,0,1,1
36700,6,5,2292.601395463128,2051.538042952442,2263.379374428402,2049.999933791152,2275.5862496189347,-64.26195994859795,0.12138139853097529,0,1,1
36800,0,4,2261.455546330617,2026.2703419232366,2266.204773598529,2049.9460889105108,2277.469849065686,15.651550450478997,-0.23280654164020298,1,1,0
36900,7,5,2218.7839524862843,2060.4615727034293,2268.923267228267,2049.791867836979,2279.282178152178,-14.82210102195406,0.5873975903714321,0,0,0
37000,3,4,2323.7405456797396,2024.4017585634106,2271.5337635940277,2049.537332504409,2281.022509062685,144.5751420328365,-0.48181237997695625,1,0,0
37100,3,3,2264.4549378240476,2101.4150877298057,2274.035214342993,2049.182585131994,2282.690142895329,-24.86064771084108,0.36265704234323715,0,0,1
37200,2,2,2364.9682728477496,2013.4523687044689,2276.4266149141235,2048.727768183219,2284.284409942749,173.34625105877126,0.9616820109702531,1,0,1
37300,9,3,2264.9270396054712,2042.862465709135,2278.7070049415815,2048.173064308646,2285.8046699610545,19.287314378612088,0.08401116181133172,1,0,1
37400,9,1,2295.294676398492,2081.1355676194876,2280.8754686404063,2047.518696272566,2287.2503124269374,-34.07321110000468,0.4709636532539332,1,1,0
37500,8,3,2315.0980215967675,2029.1613329789923,2282.931135174285,2046.7649268635362,2288.6207567828565,-212.5539293486336,-0.9278548460036529,1,1,0
37600,7,4,2230.682906794781,2072.44719908591,2284.8731790052725,2045.912058788848,2289.9154526701814,-79.71425855497239,-0.34627809762801465,0,0,1
37700,6,1,2335.482647008401,1965.6200199314376,2286.7008202253214,2044.9604345529624,2291.1338801502143,193.12169999027353,-0.939660540555652,1,0,1
37800,0,5,2300.0354271420892,2053.9707329081334,2288.413324869486,2043.9104363199622,2292.2755499129908,121.93385568039241,0.8784119433935071,1,0,0
37900,0,4,2332.516709832641,2019.2141440132996,2290.0100052106754,2042.7624857600788,2293.340003473784,-30.04584685790474,0.15639842453020214,0,1,1
38000,1,3,2290.9253830569796,2087.748230038443,2291.490220035841,2041.5170438803534,2294.3268133572274,-68.68421924290966,-0.96978924792907,1,0,0
38100,1,2,2340.069923139566,2007.2934812794492,2292.8533749034787,2040.1746108394993,2295.2355832689855,-20.1172073374062,-0.6456940214043518,0,1,1
38200,6,4,2293.583104860948,2052.1581608574306,2294.098922382354,2038.7357257470444,2296.0659482549027,107.61150353743155,0.3438539180029747,0,1,0
38300,8,3,2254.5970008503136,2047.2309367894256,2295.2263622713463,2037.2009664468276,2296.817574847564,37.14440003895627,0.5366752107908623,1,1,1
38400,3,4,2337.4876939693977,2106.8249393728897,2296.235241800323,2035.5709492849426,2297.4901612002154,180.11716303220703,0.3896468590078981,1,0,0
38500,8,4,2339.0761590502266,2062.3874350005867,2297.125155811969,2033.8463288622186,2298.0834372079794,5.415756397669167,-0.20551421063036734,1,1,1
38600,7,4,2186.957842389425,2018.2680260144325,2297.895746924495,2032.0277977713383,2298.59716461633,69.42129400388612,-0.6501450492529623,0,0,0
38700,0,3,2305.7009260736895,1959.0158660389575,2298.5467056751586,2030.1160863186983,2299.0311371167727,143.00068364563649,0.9175418272808706,0,0,0
38800,7,2,2314.0133497934285,1995.2484596753338,2299.0777706445424,2028.1119622311246,2299.3851804296946,52.512165181488726,-0.7955046757715414,0,1,1
38900,0,3,2278.8500365270265,2055.433119576098,2299.488728561535,2026.0162303475602,2299.659152374357,199.41795800833518,0.4182079363367113,0,1,0
39000,9,2,2252.538871263519,2105.6558182349686,2299.779414388984,2023.8297322958488,2299.8529429259893,54.795429207438374,-0.5768461017353639,1,0,1
39100,5,2,2432.064209893094,1988.7694653851693,2299.949711389968,2021.5533461547434,2299.966474259979,108.78657110020936,-0.3529523803680865,1,0,1
39200,4,4,2314.5196230499673,1957.6771268885432,2299.999551174681,2019.1879861012787,2299.9997007831207,-122.22637115511223,0.9375772890284084,0,1,1
39300,9,5,2305.8720748448027,2024.3521258192227,2299.9289137278956,2016.7346020436455,2299.95260915193,79.66391893124928,-0.7257632565537624,0,1,1
39400,7,5,2233.6930289280835,2000.8011662576223,2299.7378274170005,2014.1941792397145,2299.825218278,10.312954677201716,-0.7432596903014752,1,1,0
39500,7,3,2258.4927039749246,2080.1707669404836,2299.4263689806103,2011.567737901366,2299.6175793204065,-22.922592194149225,0.45187612272597866,1,1,1
39600,7,4,2316.4219612937777,2023.2443542448852,2298.994663497745,2008.856332784782,2299.329775665163,-13.561084164596817,-0.4371216400696003,0,1,1
39700,5,4,2370.104681974474,1988.7037722421755,2298.4428843376027,2006.0610527668646,2298.9619228917354,-104.11251717011747,0.9888514356779372,1,0,0
39800,5,2,2354.4803396578277,2023.525330396892,2297.7712530899335,2003.1830204079524,2298.5141687266223,39.77602154136646,0.1129428865626052,1,1,0
39900,8,5,2213.497123698261,1894.0168946976412,2296.980039476052,2000.2233915010106,2297.9866929840346,69.1451402470829,-0.5442851734502836,0,1,1
40000,0,2,2303.179529792659,2102.0233039891527,2296.069561240519,1997.1833546074745,2297.3797074936792,-62.165428025177526,0.39923304451829256,0,1,1
40100,9,5,2322.5907955817033,1948.2894717585928,2295.040184023539,1994.0641305799318,2296.6934560156924,267.3185420948533,0.39822311262354626,1,0,0
40200,1,4,2361.360231342665,1942.335952185182,2293.892321214121,1990.866972071841,2295.9282141427475,-54.67073676517883,0.9603033294361789,0,0,1
40300,3,5,2275.0588579647438,1907.5024757867575,2292.626433784066,1987.5931630344753,2295.0842891893776,-62.97597770073846,0.50938277657115,1,1,1
40400,2,3,2259.1577559771613,1998.6282438283124,2291.2430301028453,1984.2440182012995,2294.162020068564,-56.013040673450575,-0.5038229177842373,0,1,0
40500,9,5,2321.541170083356,1973.267202805401,2289.7426657334413,1980.8208825599836,2293.1617771556275,-38.69999798066397,-0.7439459964348909,1,0,0
40600,9,1,2310.1724705765782,1867.4261842953922,2288.1259432092406,1977.3251308122683,2292.083962139494,52.03716681449914,0.9949515996104594,1,1,1
40700,3,2,2352.477233082178,1871.1059110880465,2286.39351179206,1973.7581668218952,2290.9290078613735,96.58177822683017,-0.22117802412551457,0,0,0
40800,3,5,2292.3502202360055,1921.9850597215107,2284.546067211411,1970.1214230508292,2289.6973781409406,46.49864879315756,-0.3013601952920921,1,1,0
40900,5,5,2270.104539148599,1974.8532996580172,2282.5843513850973,1966.4163599839924,2288.389567590065,128.32181300308042,0.5409931539896595,1,1,1
41000,2,2,2307.2978278524483,1986.8834363302096,2280.5091521212703,1962.6444655427472,2287.00610141418,56.66450924908545,0.47633709686567904,1,0,1
41100,9,3,2360.6876635602575,1872.2027970365007,2278.321302802051,1958.807254487359,2285.5475352013673,231.35005255931026,0.47096742462462693,0,0,1
41200,0,1,2287.5198419399644,1981.8648152838666,2276.02168204885,1954.9062678086818,2284.0144546992333,-0.5002051268798008,-0.7699088221167556,0,0,0
41300,5,3,2302.2914284955846,1949.0079575270943,2273.6112133695215,1950.9430721093104,2282.407475579681,-232.06172860811142,-0.6674545456015988,0,1,1
41400,0,4,2350.1172217294907,2022.436295677876,2271.0908647874912,1946.9192589744448,2280.727243191661,-219.70689414382667,0.25045318119683824,1,0,0
41500,7,3,2287.845090582346,1948.9245728421763,2268.461648453005,1942.8364443327243,2278.9744323020036,162.50634664731132,-0.7302265250440885,0,0,1
41600,8,5,2187.6191998226564,1928.0579105610889,2265.7246202366596,1938.6962678072846,2277.1497468244397,143.9632751629319,0.748235179430184,1,0,1
41700,6,5,2184.255862479508,1912.1492499421608,2262.8808793053718,1934.5003920572985,2275.2539195369145,-130.2653855797738,-0.07528753185631465,0,0,0
41800,7,4,2342.4122841585895,1904.2210235277669,2259.9315676809665,1930.250502110268,2273.287711787311,250.26009416820108,-0.9763863267328148,1,0,0
41900,2,2,2206.8657524863643,1932.5774163385602,2256.877869781546,1925.9483046853288,2271.251913187697,68.72126502023254,0.006217968987239919,0,1,0
42000,2,3,2238.2855186289576,1935.2554992080156,2253.721011945841,1921.59552750785,2269.1473412972273,117.88986749219627,0.7076489080538457,1,0,1
42100,0,4,2307.6945102152795,1989.6719037603093,2250.462261940723,1917.1939186155928,2266.974841293815,133.37524864474727,-0.6461981161263723,0,1,0
42200,2,4,2217.4767351440687,1950.6777188492179,2247.1029284520782,1912.7452456567125,2264.735285634719,-25.914058531479974,-0.35918877018800033,0,1,1
42300,6,3,2194.567584554063,1911.5728904316136,2243.644360559253,1908.2512951798885,2262.429573706169,-12.30276095612494,-0.2865449588034694,0,1,1
42400,3,5,2328.055666436921,1808.4849341161546,2240.0879471932753,1903.713871916861,2260.0586314621833,150.14726947866487,0.3525306453323007,0,1,1
42500,4,1,2241.4358114685215,1870.6843857941476,2236.435116579069,1899.1347980576656,2257.6234110527125,26.292086651384945,-0.5317903407298257,1,1,0
42600,1,2,2315.9509228253546,1894.048555143143,2232.687335661894,1894.5159125188582,2255.1248904412623,-59.371476057181205,0.3087452850010699,0,1,1
42700,2,1,2210.4685392062493,1836.325452256916,2228.8461095182324,1889.8590702050212,2252.564073012155,119.44769708415357,0.042966051356234436,1,0,0
42800,9,3,2279.7278447169524,1783.624847465301,2224.912980751364,1885.1661412638516,2249.941987167576,-61.452204081661,0.8970050488345076,1,1,0
42900,9,3,2179.851400280723,1808.383942145885,2220.8895288718677,1880.439010335123,2247.2596859145783,201.6926747337676,0.7978789536957756,0,0,0
43000,7,2,2294.809886617051,1892.137111326257,2216.7773696633058,1875.679575793833,2244.5182464422037,-16.198008661423195,-0.6792873669207835,0,0,1
43100,7,2,2213.688474823442,1812.8100632965786,2212.578154533339,1870.8897489878318,2241.7187696888927,-80.7649905285886,0.7573867622229358,0,1,1
43200,4,3,2204.737896745138,1903.3833351683577,2208.293569850535,1866.07145347024,2238.8623799003567,196.87134554461406,-0.28940814567458917,1,0,1
43300,6,4,2142.8012609466505,1857.566353054924,2203.925336267136,1861.2266242269675,2235.9502241780906,47.040699179513624,-0.4959936395336386,1,0,1
43400,6,4,2275.5740359857286,1840.7097217445148,2199.475208028063,1856.3572068996396,2232.9834720187087,-161.47591482900998,-0.8177506353547273,1,1,1
43500,6,1,2278.529909820234,1838.0376387529614,2194.9449722664235,1851.4651570042438,2229.963314844282,-4.510717080412106,0.25157353663441406,1,0,0
43600,9,4,2156.160384313082,1906.7346225295714,2190.336448285814,1846.5524391458125,2226.890965523876,3.8519933152280568,0.9688167832415484,0,0,1
43700,0,2,2195.0361355884997,1759.7072809254314,2185.651486829705,1841.6210262294521,2223.76765788647,41.752124862244315,-0.0037230436251296517,1,0,1
43800,0,1,2073.9723904192497,1740.1795557977127,2180.891969338197,1836.6728986680444,2220.5946462254647,166.7108177662486,-0.8747115009879949,0,0,1
43900,5,4,2240.444353198099,1912.935948050381,2176.0598071924533,1831.710043586928,2217.373204794969,28.814517504752267,0.5421198258529427,1,0,1
44000,0,3,2155.8670540873836,1852.3474408670595,2171.1569409471012,1826.734454025886,2214.1046272980675,-176.5039115514823,0.10745120671231323,1,0,1
44100,2,3,2088.818866481624,1801.4265127713525,2166.1853395509247,1821.7481281387593,2210.790226367283,195.59958895441778,-0.7157210341647449,1,0,0
44200,5,4,2172.454553206257,1877.294923403059,2161.146999556153,1816.7530683910045,2207.4313330374353,39.73926376719879,0.41119835959889595,0,0,1
44300,7,5,2205.3125523830377,1689.317354149987,2156.0439443166592,1811.751280755522,2204.029296211106,92.5619565115979,-0.6563070341241437,1,1,0
44400,3,5,2174.3653230045065,1822.1866455801667,2150.8782231754003,1806.7447739070722,2200.5854821169337,70.43924164926493,0.635311665727573,0,0,0
44500,8,3,2133.672852271851,1771.6685175732207,2145.65191064142,1801.7355584156116,2197.1012737609462,72.22683695150775,0.9347577672089096,1,0,0
44600,1,2,2224.3723990761555,1798.6582879690284,2140.3671055567406,1796.7256459388652,2193.5780703711603,63.91418589797496,0.6513560296788194,0,0,0
44700,2,4,2142.0450060022426,1823.7157872542525,2135.0259302534905,1791.7170484144601,2190.0172868356603,-82.04487310230088,-0.08561669773810676,0,1,1
44800,8,3,2101.6465025830375,1665.0396769226331,2129.6305297015897,1786.7117772519505,2186.4203531343933,-129.72380554037787,0.936879849066133,0,1,0
44900,5,4,2209.339026115663,1811.7716982592647,2124.1830706473515,1781.711842525052,2182.788713764901,36.98307016655172,0.7380992020646246,1,1,1
45000,4,1,2150.881239168319,1765.6669238157513,2118.685740743334,1776.7192521644142,2179.123827162223,63.63209070017539,0.6505885489635306,0,1,1
45100,9,1,2111.328867848002,1766.0143575584375,2113.1407476697977,1771.7360111512517,2175.4271651131985,146.80547990597387,-0.43454114387014564,1,0,1
45200,8,3,2104.146780347306,1718.1626399061254,2107.5503182481216,1766.7641207121626,2171.7002121654145,100.179460856141,0.7193179226209858,1,0,0
45300,8,2,2095.921988493865,1866.3659169914044,2101.91669754653,1761.8055775154521,2167.94446503102,-134.97265508091542,0.7750558795111151,1,0,0
45400,6,1,2086.2802564943922,1741.6081913109545,2096.242147978492,1756.8623728692883,2164.1614319856617,69.85159909807993,0.48647604815641676,0,0,0
45500,4,1,2086.316661463296,1755.2642074841983,2090.528948394158,1751.936491922009,2160.3526322627717,-66.27463336043988,-0.5735398182082865,1,1,1
45600,0,4,2140.6966490436007,1679.0919479889915,2084.779393165189,1747.029912864905,2156.5195954434594,20.032736199056146,0.2759914686235778,0,0,1
45700,1,3,2046.4492436532466,1736.8035278065317,2078.995791263361,1742.1446061377937,2152.663860842241,38.624308337247555,-0.9184523680038945,0,1,0
45800,4,2,1979.4290467286198,1700.3543884282217,2073.1804653333,1737.2825336377093,2148.786976888867,-129.07241183133704,-0.46034384081340773,1,1,0
45900,8,3,2009.3685235653302,1737.4759925225387,2067.3357507597275,1732.445647931019,2144.890500506485,-70.24545821754755,-0.5185040149391769,1,0,0
46000,1,2,2009.223158881212,1663.20639312218,2061.4639947295905,1727.6358914692928,2140.9759964863933,31.260428821896426,-0.771212166929059,1,1,1
46100,3,2,2016.408301696322,1706.5629012738464,2055.567555289452,1722.8551958092296,2137.0450368596344,47.012289624579665,-0.4504123889942233,1,1,1
46200,4,3,2074.5068849770164,1775.107275972319,2049.6488003985196,1718.1054808369609,2133.0992002656794,-97.81024707263836,0.13263232685004356,0,0,0
46300,8,5,2026.5058464892907,1695.4302591404653,2043.7101069776932,1713.388653997041,2129.140071318462,146.90481985301932,-0.17742971222288983,0,1,0
46400,4,2,1945.9743838530576,1676.1729241565208,2037.7538599550146,1708.7066095264345,2125.1692399700096,64.43572119833914,0.4940252097998039,1,1,1
46500,5,5,2019.5985181818994,1760.2122933812693,2031.782451307901,1704.0612276938068,2121.188300871934,1.3525422858237452,0.7628706217655268,1,0,0
46600,2,1,2024.5378329859764,1700.30175066079,2025.7982791025456,1699.4543740444228,2117.1988527350304,-20.407528081137364,-0.4071089603972955,1,0,1
46700,8,3,2015.8355792392415,1716.1113605630628,2019.8037465308776,1694.8878986509628,2113.2024976872517,-74.7097610897003,0.23527472224856383,0,0,0
46800,4,3,2067.947415598109,1678.183765515067,2013.8012609454602,1690.3636353705474,2109.2008406303066,3.0762198548141133,0.9443444627910442,1,0,0
46900,7,2,2015.7757030828307,1664.5047658920478,2007.793232892718,1685.883401108277,2105.1954885951454,213.6358167278957,-0.7039417838484445,0,1,0
47000,3,2,1910.4680914445544,1722.4001130002218,2001.7820751448821,1681.4489950875777,2101.188050096588,-90.07116106178215,-0.392203108344807,1,1,1
47100,4,3,1864.6110303214127,1666.8050946426583,1995.770201731043,1677.0621981276497,2097.180134487362,107.02606970174358,-0.7942323760102408,1,0,1
47200,4,5,2015.012046618362,1656.0086017982405,1989.7600269676966,1672.7247719283055,2093.173351311798,93.2202094975679,-0.9901720550298645,1,1,0
47300,9,2,1924.0970408048854,1667.5852824928193,1983.7539644891738,1668.4384583624842,2089.169309659449,131.20493929425504,-0.23649793964842747,1,0,0
47400,7,5,2001.033358771047,1638.0420809636491,1977.7544262783492,1664.2049787767344,2085.1696175188995,-53.56325834052606,0.580042986541651,0,1,0
47500,9,1,1985.1164928071714,1613.90691253943,1971.763821698007,1660.026033299933,2081.1758811320046,111.58773278084608,-0.7233642254059534,1,0,0
47600,0,4,2095.7540295823337,1685.5796268486158,1965.7845565232624,1655.9033001605299,2077.1897043488416,0.3755745456007646,-0.1897968817115816,0,0,1
47700,3,5,1970.996326800102,1586.9018565316835,1959.8190319754235,1651.8384350125843,2073.2126879836155,202.36717322363367,-0.771808968470268,1,0,1
47800,9,1,1919.0140911234687,1753.463573749429,1953.8696437576812,1647.8330702708706,2069.2464291717874,-90.22350015849017,0.6974776776229177,1,0,1
47900,2,3,1910.2122442657333,1567.7177864363111,1947.938781093015,1643.8888144553123,2065.2925207286767,-77.78643608755111,-0.29587917474460523,0,0,1
48000,1,5,1848.7716177613042,1697.7611298263141,1942.028825764703,1640.007251545016,2061.352550509802,191.2098078835655,0.960981339711285,1,1,1
48100,2,4,1988.2724365702593,1702.8502220843884,1936.1421511598157,1636.1899403421578,2057.4281007732106,-22.368483862185435,0.40062556157743234,1,1,1
48200,8,3,1851.418959767735,1631.9979286104347,1930.2811213160876,1632.4384138459832,2053.5207475440584,-38.59498110061618,0.7157911960016212,1,0,1
48300,5,2,1930.1843131896012,1693.0580015433343,1924.4480899725377,1628.7541786371662,2049.632059981692,60.56975970906605,0.5690628272288143,0,0,1
48400,4,3,1887.5302746881025,1662.7421895732352,1918.645399624229,1625.1387142727815,2045.7635997494858,114.20421895215149,0.8497225438085323,0,1,1
48500,0,5,1923.5716696300544,1652.2735178689522,1912.8753805815422,1621.5934726921248,2041.9169203876947,-74.78456650347405,0.4863443136521317,0,0,0
48600,0,2,1824.715498391419,1473.5727653838649,1907.1403500343445,1618.1198776336287,2038.093566689563,-43.490693816787264,0.8380809843765769,1,0,0
48700,5,1,1862.199949659481,1624.714486391369,1901.4426111214243,1614.7193240631,2034.2950740809497,29.534435543327085,0.14676531753990796,1,0,1
48800,7,1,1856.5223280090709,1717.5391274849812,1895.7844520055714,1611.3931776135137,2030.5229680037141,33.30482292562798,-0.8905417954026873,1,0,0
48900,0,4,1856.3805244997795,1587.630109746214,1890.1681449546709,1608.1427740365882,2026.778763303114,-10.542227402403306,-0.18256492567744242,0,1,0
49000,8,4,1848.2145837362805,1702.9854280676568,1884.5959454291797,1604.9694186663571,2023.063963619453,75.49315890806159,-0.06343883201886413,0,0,0
49100,9,1,1822.7963811225795,1564.6544415287012,1879.070091176353,1601.8743858949583,2019.3800607842352,-61.82549174650761,0.45946833267243625,1,1,1
49200,5,5,1814.0012498014585,1584.7303831147988,1873.592801331584,1598.858918660851,2015.728534221056,46.025771030612056,0.8465265943953917,1,1,0
49300,7,3,1832.7807357730906,1550.429463246719,1868.1662755272193,1595.92422794966,2012.1108503514795,-180.81020298197535,0.6263920118074933,1,0,1
49400,6,1,1875.912477203495,1542.7637450968525,1862.7926930092049,1593.0714923078563,2008.5284620061366,26.986119278526765,-0.36060620621962913,0,1,0
49500,7,3,1812.1082202288603,1617.377891121071,1857.474211761918,1590.3018573694608,2004.9828078412788,12.498097312095913,0.32527501607521536,1,0,0
49600,8,2,1809.9101656926844,1579.992539067686,1852.2129676415432,1587.6164353959698,2001.4753117610287,146.03678628191287,-0.4376510429620084,1,0,1
49700,2,2,1937.5710701634957,1598.0832826606754,1847.0110735183275,1585.01630482968,1998.0073823455516,75.66039193094157,0.6608084351907857,0,0,0
49800,2,1,1817.3089892304592,1631.1196753749286,1841.870618428071,1582.5025098605936,1994.5804122853806,-99.82936593916365,-0.8513814994659383,0,1,0
49900,2,1,1829.186643350548,1598.674259250778,1836.7936667331892,1580.0760600070826,1991.195777822126,117.49029447595368,0.6319009020201118,1,0,0
